f_name,l_name,hire_date
Berta,Manby,10/17/2015
Rolando,Burfitt,4/26/2015
Thayne,Stockey,9/2/2014
Gil,Laird-Craig,2/23/2014
Wolfgang,Wenden,12/28/2013
Kikelia,Crinion,9/2/2010
Cosmo,Kidds,9/9/2016
Ralph,Hadenton,6/24/2010
Horacio,Guirardin,6/9/2013
Erv,Cardno,6/20/2009
Odie,Pennetti,3/3/2018
Elsi,Geharke,10/15/2017
Fay,Kirtley,12/10/2016
Sig,Dzeniskevich,6/16/2015
Nikolas,Pounsett,12/24/2018
Sutherland,Dudney,2/5/2012
Vivianna,Zolini,3/11/2014
Bran,McQuade,8/7/2017
Tova,Couvert,10/27/2013
Moina,Askey,6/23/2012
Bran,Abela,3/11/2018
Lynde,Willoughley,6/4/2018
Ansell,Balcers,11/12/2013
Donavon,Gooder,1/29/2014
Damita,Schoolcroft,7/12/2010
Blondelle,Sawfoot,3/31/2015
Armand,Yeandel,6/25/2018
Baxy,Fust,5/10/2017
Shae,Fetherstone,10/3/2013
Lorrin,Tatlock,7/12/2014
Caroline,Handyside,6/30/2011
Nadeen,Parman,5/10/2018
Eda,Possa,1/19/2013
Danyelle,Dighton,1/14/2011
Sherrie,Weavers,12/1/2014
Lonnard,Sturzaker,8/18/2014
Deidre,Foch,5/24/2011
Maureen,Murrells,11/16/2017
Lyndel,Meriot,12/19/2011
Hortensia,Pinnigar,12/1/2013
Loren,Tanfield,2/15/2017
Winifield,Mugglestone,1/10/2014
Carolyne,Markl,6/7/2009
Ros,Chown,11/13/2017
Eduardo,Jimson,2/20/2017
Birch,Brightman,10/9/2011
Gard,Arthurs,8/9/2010
Hector,Tuffley,4/19/2012
Anita,Corradi,10/25/2012
Foster,Binnall,4/9/2014
Forrest,Dingivan,12/30/2011
Farlay,Vicker,4/24/2012
Dunc,Amos,7/5/2013
Coraline,Zanuciolii,8/26/2014
Ogdan,Haig,8/10/2009
Burtie,Gensavage,2/2/2015
Irvin,Spensley,5/31/2018
Christye,Lowson,8/17/2018
Aubree,Koenen,12/2/2017
Addie,Huttley,9/18/2011
Meier,Knowlys,9/25/2010
Charmian,Libbe,8/9/2015
Terrijo,Swithenby,12/12/2010
Bent,Autie,12/13/2013
Crista,Horsley,8/8/2009
Calypso,Oldaker,9/27/2016
Devy,Burnip,2/14/2016
Elliot,Jeandeau,6/11/2014
Davine,Kielty,8/9/2010
Eustace,Saffer,10/30/2012
Dion,De Paoli,5/15/2014
Sadella,Balfre,8/15/2018
Garnet,Florio,7/3/2011
Chrotoem,Baglin,4/13/2014
Devland,Worvill,7/4/2017
Killy,Gant,4/5/2012
Hana,Aucutt,5/19/2016
Dacie,Maunders,8/29/2009
Maggy,Arp,9/10/2017
Jerrilee,Bruyns,7/23/2013
Carine,Slemming,10/28/2015
Miquela,Merrell,12/29/2015
Free,Bogue,10/22/2009
Melamie,Galbreath,10/27/2014
Broderic,Utting,5/21/2012
Rockie,Antcliff,11/23/2009
Ray,Celle,4/10/2010
Karyn,Langman,1/25/2017
Tamra,Eaves,3/22/2012
Ira,Capes,11/12/2010
Shirleen,Nicolson,11/1/2012
Rocky,Settle,2/15/2011
Remy,Jacques,2/20/2017
Kristoforo,Jodrelle,4/19/2018
Tracie,Curnnok,12/17/2018
Karola,Snasdell,3/11/2014
Guglielma,Wilcott,12/5/2016
Anna-diane,Bracchi,6/16/2016
Curcio,Mazzeo,12/31/2016
Galvan,Delmage,12/25/2017
Anstice,Barnwille,10/9/2016
Reuven,Jiras,5/13/2014
Nancee,Kedge,12/17/2017
Avery,Friatt,9/12/2010
Cassius,Fladgate,8/19/2015
Carter,Dobney,6/19/2013
Kym,Meah,11/1/2015
Trenna,Aleksidze,1/30/2014
Kellia,Jobes,6/9/2011
Britt,Copestick,10/12/2010
Durand,Gaffey,7/13/2015
Lenard,Medler,7/15/2011
Innis,Harcourt,11/19/2012
Frayda,Fairham,5/15/2014
Ranee,Leah,10/8/2010
Bancroft,Shipsey,11/8/2017
Odella,Dalliwatr,2/18/2018
Brandtr,McKleod,11/7/2018
Kessiah,Loynes,10/8/2017
Robinet,Walmsley,4/6/2016
Davita,Mustoe,9/13/2016
Raynell,Lympany,10/12/2017
Nicolina,Scarrisbrick,10/21/2013
Johannah,Gaskin,5/31/2009
Reuven,Morstatt,5/21/2015
Reeba,Idwal Evans,6/11/2016
Nyssa,Rodway,8/27/2012
Valentijn,Tattershaw,7/12/2018
Gifford,Amiable,12/1/2011
Nero,Parsisson,1/22/2013
Marcelo,Nudd,10/5/2018
Jonathon,Lovat,3/2/2016
Janela,Beacham,11/3/2010
Cammi,Lindenman,9/25/2013
Nikola,Mechi,5/21/2012
Melisande,Tole,2/9/2015
Cher,Else,4/19/2010
Boy,Kopke,3/12/2014
Gareth,Immer,6/29/2013
Elva,O'Clery,7/23/2016
Mallory,Leades,8/29/2010
Vivi,Lucius,3/26/2017
Honor,Stocken,2/4/2015
Burtie,O'Sirin,2/6/2013
Andrus,Alwood,5/10/2011
Claire,Lammerding,7/16/2010
Gaspar,Checketts,12/11/2009
Haleigh,Mordie,1/12/2010
Danyelle,Braisher,11/11/2017
Willey,Hanney,6/10/2014
Laurie,Foffano,7/3/2010
Rudiger,Lindegard,10/29/2014
Farlie,Skett,12/16/2017
Layney,Everiss,5/24/2009
Wallis,Stuttman,6/5/2013
Alphard,Gerardin,10/31/2009
Di,Brosini,2/13/2010
Godfry,Cretney,7/6/2017
Rolph,Ysson,12/22/2010
Quintilla,Cheesley,12/26/2018
Lira,Defty,8/13/2010
Silvana,Vials,12/1/2018
Virginie,Bradd,12/28/2009
Shanan,Bickell,5/6/2010
Margit,Coppeard,7/21/2009
Minnnie,Lanham,8/14/2015
Alexandr,Matic,7/12/2014
Alyda,Lace,2/12/2017
Jemmy,Ells,10/12/2012
Giuseppe,Cornewall,10/31/2018
Raddy,Laurisch,9/8/2009
Sheri,Gabbitas,6/14/2010
Denny,Carletto,8/25/2018
Friedrick,Meredith,12/20/2015
Gris,Willshear,10/16/2013
Jessamyn,Rowston,3/20/2016
Huey,Gawkes,12/9/2013
Penrod,Moylane,5/14/2015
Jessa,Stidever,8/31/2010
Caesar,Findlay,9/22/2010
Jilleen,Corden,4/1/2011
Daria,Scampion,10/5/2017
Lotte,Scemp,12/16/2010
Kennedy,Langhor,11/24/2009
Reeta,Hender,5/13/2018
Manon,Penketh,12/27/2016
Ashlee,Bedome,3/19/2017
Jeannette,Margrett,10/17/2013
Anna-diane,Hunnywell,3/8/2016
Ariadne,Pebworth,12/17/2013
Bordy,Piercey,1/3/2019
Kym,Reims,12/26/2017
Trevor,MacPaden,10/27/2010
Ilene,Hadwick,8/9/2013
Seline,Jennions,1/6/2011
Bill,Dengel,5/29/2013
Anna-maria,Dulake,5/12/2013
Sharlene,Michele,11/27/2012
Em,Helix,3/13/2015
Hagan,Parsall,12/6/2016
Ada,Elcombe,6/17/2018
Henrik,McGrudder,12/13/2015
Rafaelia,Cragg,5/6/2015
Orsola,Pranger,4/14/2016
Felicdad,MacNish,9/21/2009
Riley,Menloe,11/22/2014
Tatiana,Regglar,1/29/2013
Burlie,Tanner,7/25/2015
Seward,Fonzo,12/17/2014
Lev,Durn,9/14/2009
Haleigh,Johnston,1/13/2018
Lorine,Grent,1/15/2012
Newton,L' Anglois,10/17/2017
Lefty,Damerell,11/1/2018
Evy,Pragnall,12/6/2018
Horacio,Aldine,3/1/2012
Rosy,Bayley,5/25/2014
Andria,Fortun,11/16/2018
Andrea,Cawthorn,12/6/2017
Miguela,Piggford,4/17/2017
Ebony,Chateau,7/8/2010
Aili,Greenstreet,5/15/2013
Patrice,Bracco,12/3/2011
Errick,Dike,6/3/2009
Ainslie,Wimmers,7/24/2016
Bambi,Feasey,10/14/2009
Brigg,Vesque,9/6/2010
Otho,Perfect,10/1/2016
Queenie,Moppett,12/19/2012
Oliver,Shaylor,8/12/2014
Danielle,Gerdts,11/1/2009
Orlan,Matschke,8/24/2012
Quill,Stratz,6/26/2011
Culley,Bartlomieczak,1/5/2010
Ediva,Willavoys,9/29/2010
Neddy,Paver,6/4/2009
Keary,Hansom,2/23/2015
Dorris,Jurgenson,9/15/2016
Barnabas,Roof,11/7/2011
Daven,Brotheridge,9/20/2017
Raleigh,Shovelbottom,4/24/2016
Cathleen,Pearl,5/20/2011
Fionna,Brian,8/18/2015
Trina,Sample,9/1/2018
Bobette,Haskell,6/24/2010
Julee,Holah,4/22/2013
Demott,Hagan,2/17/2016
Cynthea,Moreinu,2/13/2015
Nedda,Cawthra,11/7/2012
Andrew,McCool,4/6/2017
Janek,Shewen,3/27/2014
Erek,Bartunek,10/15/2016
Francois,Limon,4/3/2011
Alva,Banat,4/27/2018
Balduin,Varfalameev,2/25/2017
Merlina,Lockhurst,2/3/2018
Artair,Jenken,1/16/2012
Shaylah,Saphir,10/13/2013
Pepi,Harroll,5/22/2016
Zeke,Nelthorp,6/14/2014
Kristen,Sirett,10/7/2017
Darcy,Elner,4/3/2016
Mira,Sackler,3/7/2013
Halsey,O'Howbane,8/1/2012
Ardeen,Trundler,3/25/2014
Cyndy,Frandsen,5/12/2017
Goldina,Shaddick,10/15/2018
Rowland,Brozek,11/13/2017
Kippar,Fleet,7/4/2010
Demetris,Densham,11/1/2015
Harland,Vater,9/27/2016
Alaric,Okker,6/5/2010
Markos,Vigne,11/16/2011
Allsun,Lutton,8/29/2013
Hazel,Gerrell,11/23/2013
Hurleigh,Tatford,5/5/2011
Padgett,Drain,8/20/2017
Ches,Peppard,12/30/2014
Anthe,Nairns,5/20/2013
Clem,Mulvany,9/13/2014
Pall,Choulerton,6/9/2010
Davy,Burree,9/8/2017
Elyn,Ayris,4/27/2014
Grayce,Bischop,12/13/2017
Sukey,Ivankov,7/18/2011
Gregorius,Scourfield,10/2/2013
Ingrid,Clowton,4/3/2014
Karlotta,Walbrook,7/25/2018
Rubi,Manchester,7/7/2014
Nickey,Whitmore,12/4/2009
Tannie,Caldaro,5/14/2015
Elbert,Treswell,11/29/2018
Far,Lillico,5/11/2015
Sandra,Kuna,11/6/2015
Enos,Thorley,2/19/2018
Hadlee,Brimfield,6/4/2014
Troy,Laetham,6/29/2018
Matilde,Oager,11/12/2016
Perrine,Hollyer,4/6/2018
Nealy,Amis,1/18/2012
Karyn,Arrington,7/19/2013
Melosa,Cordobes,4/12/2010
Hortense,Ubanks,4/10/2014
Chev,Phair,7/17/2012
Ignacio,Han,6/27/2016
Gusta,Broe,8/13/2014
Starr,Whibley,4/14/2010
Kare,Collumbell,2/26/2011
Erminie,Wavish,6/28/2016
Joana,Sunock,2/27/2012
Pamela,Buist,4/29/2018
Mandi,King,11/23/2009
Ardis,Wolfart,4/16/2012
Sherlock,Cuel,10/27/2012
Lizabeth,Boow,6/1/2011
Kane,Leeke,12/27/2010
Danya,Cattroll,12/22/2018
Rois,Ingraham,11/26/2012
Carmine,Hark,1/3/2014
Wenonah,Wadley,4/12/2018
Arleyne,Rigate,2/12/2013
Kasper,Hendron,11/25/2018
Garret,Gauchier,3/27/2011
Ky,Cuddon,7/7/2017
Lilyan,Riste,4/9/2017
Rhett,O'Corrigane,8/11/2010
Boycie,Rivel,1/1/2015
Coralie,Eccersley,5/25/2010
Joby,Gowar,12/3/2017
Idalina,Leitch,6/26/2015
Janene,Facher,8/9/2009
Ingram,Greenwood,5/19/2017
Wait,Digle,7/25/2017
Aigneis,Cranham,9/24/2015
Gerladina,Reijmers,3/27/2015
Gabe,Palia,11/9/2014
Kris,Laurent,12/18/2014
Miller,Stanman,9/4/2015
Micheil,Gray,10/4/2012
Cindra,Shorter,1/7/2012
Ingrid,Grundy,3/5/2010
Orelia,Waison,9/11/2015
Brantley,Waddell,12/21/2009
Denice,Agerskow,11/25/2010
Dorian,Caldwall,7/12/2013
Armando,Scobie,7/22/2018
Kristian,Wemes,2/24/2012
Tallie,Faircliffe,11/24/2018
Pate,Hounihan,1/10/2011
Oralie,Stegers,8/28/2018
Xena,Tafani,12/2/2010
Glyn,Wedmore.,8/25/2018
Turner,Springthorp,11/8/2015
Niles,Dobrowolski,4/23/2010
Caralie,Clementet,1/16/2012
Bonita,Ahmad,8/20/2011
Jennica,Pember,4/26/2012
Alanson,Piotrowski,2/25/2013
Maryellen,Tumility,7/3/2010
Ranice,Hulmes,12/6/2016
Gram,Pocklington,11/27/2012
Shaine,McGibbon,9/9/2012
Ettie,McConnell,2/1/2018
Steffie,MacGowing,8/20/2018
Ossie,Riseborough,5/26/2017
Fred,Maccari,3/30/2018
Edwin,Pionter,6/20/2017
Emmalynn,Petriello,6/10/2011
Rubetta,Hogsden,3/1/2016
Marco,Tesseyman,11/3/2012
Paolo,Climer,2/14/2010
Joanna,Pessold,7/13/2010
Mira,Jindracek,5/9/2017
Bertie,Yukhnini,4/4/2017
Babs,Simmen,10/24/2016
Johannah,Coule,2/10/2012
Keeley,Elward,8/3/2015
Estevan,Dryburgh,4/16/2011
Sigvard,Whittenbury,11/22/2011
Urbanus,Munn,3/2/2017
Rutger,Owers,8/10/2009
Thoma,Livzey,6/22/2009
Noell,Autrie,1/20/2016
Bondy,Caulcott,12/28/2018
Bronson,Pearcy,2/16/2012
Alaine,Sholl,5/21/2016
Beilul,Roblou,1/18/2011
Nessie,Mularkey,2/3/2018
Durand,Willoughey,10/12/2017
Cully,Serridge,12/15/2013
Junina,Boagey,6/29/2016
Tersina,Rentenbeck,1/1/2013
Clevie,Lyne,3/5/2010
Westbrook,Biddwell,9/26/2018
Clo,Duckit,11/19/2015
Shaine,Ennever,12/28/2018
Cesare,Waymont,6/18/2010
Abelard,Doohey,10/29/2009
Ronnica,Speed,12/24/2015
Yevette,Buesden,6/18/2011
Pavia,Crosio,7/19/2017
Farra,Larcher,7/22/2010
Dalston,Naldrett,10/27/2011
Audre,Ruter,1/27/2010
Melita,Brumbye,1/19/2010
Sheba,Horning,4/23/2014
Roma,Essam,9/23/2014
Iolande,Lytlle,11/29/2014
Illa,Double,5/17/2013
Murdoch,O'Concannon,1/8/2014
Aundrea,Gabbitas,2/14/2012
Ilise,Meijer,9/26/2015
Moshe,Bavage,7/7/2013
Julina,Alekseev,3/16/2013
Petronille,Deex,2/26/2016
Karrie,Mandre,4/30/2012
Belia,Mulcock,6/11/2018
Raffaello,Crufts,6/1/2016
Jefferson,Smickle,12/21/2014
Kari,Sewell,12/10/2009
Carla,Heffernan,5/30/2009
Kass,Jeanenet,4/13/2015
Rand,Follet,8/1/2009
Teena,Liddyard,9/28/2012
Christiana,Weal,11/3/2017
Letti,Peddie,2/18/2017
Edwin,Balas,11/6/2017
Buddie,Candey,12/15/2016
Sidoney,Ramard,6/30/2012
Arlee,Heinicke,4/28/2012
Zoe,Lello,12/7/2009
Violante,Grellier,6/5/2015
Doy,Nettleship,2/15/2017
Wilhelmine,Gisburne,6/16/2017
Aurilia,Domanski,4/23/2015
Cyb,Burmaster,10/6/2016
Sammie,Hilliam,5/20/2013
Chase,Condy,3/14/2010
Skippy,Bachmann,3/8/2014
Biron,Roskruge,11/10/2011
Daren,Stollenwerck,2/22/2014
Kathie,Rutigliano,6/6/2010
Elbert,Dabinett,7/28/2018
Lindy,Skeats,2/27/2014
Karney,Earp,4/7/2013
Alvin,Di Carlo,11/23/2018
Theadora,Fothergill,4/27/2015
Trumann,Baistow,12/19/2016
Domini,Garrand,10/24/2016
Shaun,Pridgeon,1/14/2011
Ilysa,Burry,2/28/2015
Sal,McRobert,7/18/2009
Stephanie,De Bischop,5/31/2017
Oralee,Scurrell,11/8/2015
Evania,Logan,4/3/2018
Corie,Giovannini,11/1/2013
Dedie,Impleton,1/23/2014
Cecilla,Marmon,11/9/2011
Corbett,Elks,11/27/2017
Weidar,Jecock,8/24/2012
Franni,Forrester,8/29/2015
Farah,Thay,7/14/2017
Brok,Smurfitt,1/2/2012
Reynolds,Peile,1/29/2015
Dominique,Cristofaro,6/23/2011
Brittany,Duiged,10/26/2017
Barnabas,Verrier,1/20/2017
Odele,McQuarter,9/29/2010
Bartholomeus,Jon,10/16/2017
Guilbert,Gouck,2/3/2018
Thatcher,Gilphillan,11/18/2014
Jillene,Melvin,1/1/2018
Agnes,Spiniello,4/10/2011
Lil,McGaughie,2/15/2016
Johannah,Kike,4/6/2014
Frederigo,Rohlfing,7/16/2015
Sibella,Crighten,3/26/2013
Reggis,Really,9/20/2011
Izzy,Wringe,5/30/2014
Shirline,Sandercock,2/5/2017
Beverly,Schleicher,9/3/2015
Portia,Haggerty,10/9/2012
Damaris,Diggin,12/29/2009
Teriann,Angeli,4/16/2017
Caroline,Mar,8/22/2010
Hilario,Farrand,9/28/2017
Gaby,Bywater,4/8/2010
Misty,Spanton,4/26/2015
Zulema,Tayspell,10/10/2010
Kylie,Braffington,11/28/2009
Garth,Scade,11/22/2015
Felic,Lark,7/6/2014
Cooper,Bortoloni,8/16/2017
Alasteir,Upham,8/1/2014
Lorenza,Mellhuish,9/3/2018
Titus,Heymes,2/18/2013
Berry,Beswetherick,7/23/2017
Andromache,Welds,7/26/2018
Valentine,Arkow,12/4/2017
Reynold,Boast,12/11/2016
Khalil,Pardie,8/30/2010
Jasmina,Spours,6/14/2018
Marline,Rodden,1/26/2010
Dell,Schwartz,1/30/2013
Emmey,Ewer,1/9/2019
Lainey,Yuille,11/27/2017
Robert,Trowl,6/18/2018
Kimmie,Quadrio,12/30/2013
Van,Escala,10/17/2017
Barrie,Petrushanko,5/16/2016
Pammie,Lewens,7/27/2009
Dawna,Sellan,2/27/2016
Averell,Pidgley,11/8/2013
Loleta,Grimsdyke,6/2/2009
Shirley,Goodall,10/22/2010
Gerda,Debenham,11/18/2010
Nancie,Athridge,12/22/2018
Morgen,Firpi,11/20/2009
Stephie,Wiltshier,10/3/2012
Tanny,Brumwell,6/16/2010
Fairleigh,Vondruska,2/15/2012
Jessalin,Purdy,7/24/2018
Berthe,Franciottoi,11/13/2016
Bernete,Rowntree,7/27/2012
Kalila,Gummoe,11/17/2018
Krystal,Janning,10/1/2011
Sofia,Ramsell,3/30/2013
Kessiah,Aldus,6/21/2015
Mikel,Everill,8/29/2012
Zebulen,Bath,2/18/2018
Gardner,Capehorn,7/25/2009
Emmery,Barlthrop,7/2/2010
Etheline,Giacomelli,7/22/2013
Evelyn,Stalley,11/9/2018
Cyrillus,MacSwayde,8/3/2014
Nari,Headan,11/3/2010
Lu,Scroggins,3/6/2018
Yoshi,Ramplee,4/27/2016
Jarrod,Rawlinson,6/25/2014
Madelyn,Bing,2/2/2014
Fernanda,Line,8/29/2010
Novelia,Yanyushkin,5/18/2015
Gray,Olekhov,2/26/2017
Carolan,Woolham,10/23/2013
Stacee,Polfer,5/7/2012
Con,Powe,10/5/2010
Beret,Effnert,5/8/2014
Rube,McDonell,8/19/2013
Cherlyn,Wetwood,2/5/2014
Michale,Skea,7/9/2010
Riane,Masden,5/28/2014
Rutledge,Huleatt,4/28/2012
Hattie,Bortoluzzi,2/10/2010
Imogene,Janney,12/4/2010
Emanuele,Trenfield,12/30/2016
Denna,Bernardoni,9/7/2013
Shandeigh,Dunk,5/27/2012
Caryn,Iliffe,2/12/2018
Zolly,Chittie,6/11/2012
Tracee,Grisedale,8/31/2009
Karil,Vernon,4/24/2013
Boonie,Ealam,5/1/2011
Kelcie,Litchmore,10/16/2015
Rayner,Pieter,12/18/2018
Brian,Bough,10/13/2017
Maybelle,Mercer,11/17/2016
Sammy,Culter,5/9/2017
Heinrick,Semour,7/13/2010
Winny,Overell,2/14/2016
Letizia,Lardeux,3/20/2015
Jerri,Byrd,11/2/2015
Allyn,Cossey,10/7/2009
Roscoe,Sinderson,3/25/2011
Jourdan,Slegg,11/4/2010
Ewen,McQuirter,11/7/2009
Sig,Dalwood,9/23/2017
Cayla,McMorran,2/11/2014
Leelah,Hupka,10/10/2009
Nikolia,Mattingly,9/14/2015
Abby,Ibbett,4/15/2016
Ketty,Mounfield,5/22/2011
Zacharias,Burnyeat,7/27/2016
Hagan,Perelli,10/9/2016
Jenn,Fidock,11/11/2017
Ricki,Aherne,12/23/2011
Wright,Duckels,7/12/2014
Rene,Gravener,10/26/2014
Lewie,Ghidoni,3/11/2017
Twila,Cully,11/22/2014
Clyve,Curzon,1/30/2015
Broderic,Pahl,11/27/2014
Renaud,Crichten,2/16/2016
Grannie,Darree,2/3/2012
Kerry,Ramsay,10/13/2014
Lane,Keijser,12/18/2018
Harriot,Cullabine,1/10/2010
Deidre,Morfett,1/2/2016
Hilde,Gowry,12/19/2017
Lena,Leyband,1/12/2014
Brendis,Benoiton,9/13/2018
Cybil,Vasentsov,3/19/2014
Bronson,Sherwell,4/5/2017
Leonhard,Screech,3/2/2012
August,Simeonov,5/16/2018
Salomone,Padula,1/31/2014
Annis,Hunnisett,1/19/2010
Mariel,Kirsop,12/24/2016
Holly,Kinchlea,2/27/2018
Gwenette,Spire,9/18/2018
Ellen,Bodham,10/19/2013
Cull,MacMakin,7/3/2018
Celene,Longhorne,8/22/2011
Hercule,Sprules,4/17/2012
Uriel,Draycott,10/31/2010
Samaria,Duckels,12/1/2014
Caryn,Sexty,10/7/2009
Maressa,Charrier,9/4/2013
Patrizius,Minchin,2/28/2012
Gweneth,Doeg,6/9/2009
Verla,Gilphillan,10/31/2011
Mill,Bayliss,12/5/2017
Dani,Brugden,7/14/2015
Alejandra,Fattori,8/3/2017
Zenia,Ketley,10/18/2013
Toby,Blackett,11/20/2017
Kyrstin,Dorward,3/4/2010
Herc,Vasyukhin,11/28/2015
Rhea,Balling,8/7/2009
Hayyim,O'Heyne,9/21/2012
Tamarra,Jaegar,8/7/2013
Valaria,Fazakerley,12/20/2014
Elissa,Callister,8/5/2014
Damaris,Brelsford,10/25/2015
Carline,Bresner,3/22/2011
Calida,Keeney,7/31/2016
Brigg,De Maine,4/4/2012
Jacquetta,Gurdon,11/14/2018
Carolann,Jonas,5/14/2017
Rodney,Loeber,8/13/2013
Joane,Capps,10/22/2009
Trueman,Bertolin,8/14/2009
Spenser,Nowaczyk,12/5/2014
Malanie,Corradino,2/15/2014
Bogart,Zmitrovich,10/25/2012
Chrisy,Swinnerton,10/16/2010
Wang,Prisley,4/19/2018
Margit,Skains,3/9/2010
Tommy,Blaksland,2/10/2015
Lowrance,Blasoni,6/18/2014
Thebault,Tiddy,2/25/2012
Jolee,Demann,12/3/2012
Heinrik,Jumont,10/13/2010
Elbert,Zambonini,3/24/2015
Ermina,Brittles,5/17/2015
Wilfred,Meritt,12/31/2009
Zebulon,Yirrell,4/20/2010
Letta,McCrostie,1/4/2016
Maureene,Lamanby,10/3/2017
Duffie,Chimenti,3/10/2017
Stephana,Bruniges,1/22/2014
Barris,Donnersberg,2/28/2012
Shirleen,Gummer,12/27/2016
Bellina,Ciccone,1/13/2011
Benedetto,Le Sieur,8/23/2017
Lilian,Brownbill,11/25/2011
Ardene,Gilfether,8/15/2013
Consolata,Custy,8/7/2010
Kyle,Matyatin,2/2/2017
Moises,Pfeiffer,4/11/2017
Meade,Baskeyfied,11/29/2012
Aurlie,Thirsk,11/15/2012
Tadeas,Berick,10/9/2014
Minor,Fante,12/24/2009
Ian,Cholerton,9/24/2010
Ichabod,Frossell,10/7/2014
Josiah,Haresnape,7/30/2009
Tyne,Ellingham,1/6/2014
Betta,Ryde,10/1/2011
Ethan,Petegre,9/15/2009
Sutton,Sebrens,8/21/2013
Kristel,Colbeck,9/23/2013
Theressa,Liddicoat,7/29/2009
Tabbi,Stebbings,12/4/2013
Cam,Santon,8/9/2009
Sauveur,Vashchenko,11/9/2009
Dane,Sanbrooke,11/11/2013
Reinaldos,Elcoux,2/13/2010
Georgianna,Krysztofowicz,1/3/2010
Gallagher,Slemmonds,7/13/2018
Bartholomeo,Orgel,3/16/2016
Elie,Morling,5/22/2012
Elna,Gadaud,4/25/2010
Gerianna,Geram,9/11/2018
Renie,Newton,11/28/2009
Lewes,Klessmann,4/14/2012
Terrie,Volke,10/6/2013
Kristo,Mattaser,10/26/2015
Charles,Jahnisch,11/2/2018
Erv,Hightown,7/17/2018
Chloe,Niset,10/3/2016
Othilia,Sanbrooke,3/10/2013
Cathryn,Joron,3/4/2012
Dayna,Castagne,12/13/2009
Cordelia,Delieu,11/21/2009
Dyann,Gerner,1/24/2016
Leonie,Joyson,7/8/2017
Judie,Bointon,10/6/2009
Stephan,Littleproud,9/7/2011
Shelby,Sauvan,9/25/2015
Sigismundo,Bootherstone,6/22/2010
Odille,Clerke,6/3/2012
Domenico,O'Farris,2/12/2016
Frasco,Mendenhall,6/10/2009
Amelina,Baack,3/28/2014
Jereme,Rosenhaus,11/26/2009
Phillis,Nials,12/7/2010
Mia,Luto,8/23/2011
Clementine,Antusch,8/16/2013
Nicky,Franceschielli,4/18/2017
Franky,Dollman,5/5/2014
Elaina,McPartling,12/1/2017
Constancy,Kirgan,6/28/2015
Deeanne,Corsham,9/20/2017
Brynn,Lanceley,5/8/2017
Nikki,Tatford,5/5/2012
Tybie,Boniface,9/30/2011
Jenn,Jersh,10/30/2013
Adore,Kerrod,4/15/2012
Shirlene,Salzen,5/3/2011
Cyrus,Edinburgh,3/25/2017
Hannie,Hindsberg,7/2/2017
Nalani,Grouse,3/7/2012
Gayle,Flecknell,10/11/2010
Alasteir,O'Cahey,12/22/2011
Ozzy,Chicchelli,12/5/2011
Koren,Stock,11/1/2018
Wanda,Parlor,2/10/2017
Aldus,Gould,2/24/2010
Jacklyn,Frankham,7/17/2011
Ferrell,Stepto,9/25/2013
Kennett,Rotte,4/3/2013
Ozzie,Sings,9/2/2016
Joete,Bertolin,3/6/2011
Xavier,Duxbarry,1/12/2012
Shelden,Kubelka,5/1/2014
Kev,Eaglesham,1/21/2015
Mariska,O'Lennane,10/15/2014
Wain,Dally,9/29/2010
Cherilynn,Tinman,7/12/2018
Efren,Ewens,6/28/2010
Sheena,Foss,12/30/2012
Dyanne,Cleaton,10/25/2013
Yorgo,Sellen,5/10/2011
Fred,Lockley,1/26/2017
Dusty,Tuson,3/20/2017
Nichol,Lowery,3/9/2014
Nonah,O'Hickey,4/27/2011
Alisa,Bedow,1/23/2017
Rhea,Hartfleet,4/27/2017
Damien,Meryett,12/18/2018
Cristiano,Lacrouts,4/8/2010
Udall,Hainsworth,8/22/2014
Alena,Kilsby,6/7/2018
Joellen,Dyers,6/2/2017
Vallie,Jansa,11/4/2013
Khalil,Schimon,1/3/2011
Ennis,Brekonridge,8/16/2014
Eric,Woolsey,6/19/2018
Dona,Tesh,7/29/2013
Jodi,Verey,11/16/2015
Morgen,Pinches,1/2/2014
Aurelea,Raithmill,11/4/2014
Salmon,Jahndel,12/9/2018
Bowie,Rayson,8/8/2009
Akim,Hardes,1/23/2018
Jonas,Fearnside,9/15/2011
Malvin,Natt,12/12/2009
Lucky,O'Cahey,1/14/2012
Pamela,Gerrard,10/9/2017
Rocky,Wells,1/15/2018
Arin,Caser,5/22/2014
Tucker,Barde,3/9/2016
Matty,Colyer,9/26/2009
Saloma,Danielut,6/5/2012
Danny,Buddell,9/10/2017
Gavin,Mingey,3/4/2016
Nanny,Hiner,9/19/2015
Giff,Sarten,10/26/2010
Olly,Douche,7/7/2015
Clementina,Raison,8/7/2016
Gabbi,Maffucci,7/14/2009
Saul,Weald,2/16/2013
Dougy,Addionisio,11/17/2011
Florian,Perrins,8/25/2015
Gaby,Dallison,9/26/2017
Crissy,Gainsborough,8/9/2013
Wayland,Kirsz,8/18/2016
Corliss,Brothwood,3/26/2016
Florence,Bonsey,3/23/2012
Donavon,Peye,4/25/2018
Isabeau,Guerreiro,10/27/2010
Marne,Rizzini,5/1/2011
Mitchael,Luddy,11/29/2012
Kerk,Cansdill,11/18/2014
Valdemar,Conor,10/23/2018
Lemmy,Hanratty,7/8/2009
Riccardo,Elner,1/22/2018
Franciskus,Cosin,8/29/2010
Steffane,Simoncini,10/13/2012
Gwenette,Smooth,7/17/2013
Merrilee,Laxston,3/4/2012
Angeline,Cooch,2/20/2013
Sebastian,Petti,1/20/2011
Douglass,Burgon,3/28/2010
Francklin,Thurbon,7/16/2018
Mada,Covotti,9/11/2017
Orton,Trays,7/7/2015
Cassaundra,Riccardi,11/18/2016
Robinet,Verring,11/30/2009
Zelig,Clowley,12/6/2009
Ketty,Somerled,2/10/2010
Burl,Bolton,2/14/2014
Ricard,Bacher,4/6/2014
Flo,Burden,9/11/2018
Dallis,Goodenough,3/17/2016
Hermione,Kenway,1/29/2017
Theresita,Avieson,5/12/2013
Elysee,Szabo,9/24/2010
Roxane,Yes,1/8/2018
Charisse,Lunn,8/4/2011
Celestyn,Wynett,11/30/2009
Arline,Roches,1/1/2019
Ellwood,Saffrin,2/19/2015
Lief,Forty,5/18/2015
Trixy,Reast,4/27/2012
Erasmus,Rivett,2/7/2013
Constantine,Portam,10/9/2013
Armand,Bury,7/26/2010
Cynthy,Gartsyde,12/14/2014
Germaine,Pettit,8/6/2011
Anny,Finnie,12/28/2011
Stevy,Shoulders,3/29/2015
Bertine,Luberti,11/22/2013
Fiona,Dymoke,7/20/2018
Edgar,Bittany,7/6/2009
Lucky,McKenny,9/1/2015
Arin,Carff,6/2/2017
Sarajane,Kochs,12/7/2016
Virge,Haborn,6/3/2017
Elana,Gyse,2/20/2011
La verne,Hark,4/15/2013
Danell,Matushevitz,1/20/2016
Janina,Abbot,8/3/2016
Jae,Sinkin,8/9/2018
Jacqui,Shilston,9/12/2011
Tallie,Ary,1/9/2014
Cheri,Langelaan,6/22/2010
Emelyne,Oldis,6/20/2016
Humfried,Waslin,8/4/2016
Tamarra,Clemmett,4/21/2018
Berte,Yearns,8/5/2014
Shandra,Binion,8/8/2017
Georges,Winteringham,8/20/2016
Ethelda,Lemmen,1/27/2012
Hermione,Curness,4/6/2011
Eveleen,Fayter,3/13/2016
Noah,St. Louis,11/24/2011
Gerianna,Tickel,9/14/2012
Bridget,Grundle,10/25/2018
Ari,Zanettini,8/5/2011
Domingo,Tooley,1/31/2013
Chance,Pedwell,12/18/2017
Morganne,Fawkes,3/21/2018
Blinny,Beggan,4/10/2010
Dannie,Bisiker,8/19/2011
Dyanne,Pilipyak,11/12/2009
Brook,Lacaze,1/24/2018
Janice,Oakeby,6/30/2010
Cordelie,Bichard,8/10/2015
Wendye,Wanderschek,12/1/2017
Jelene,Iston,7/18/2015
Brigitte,Gimlet,5/23/2017
Grethel,Plenty,9/17/2014
Julissa,Oslar,10/1/2015
Minor,Facey,7/30/2013
Aylmer,O'Dare,1/13/2016
Kyrstin,Wiseman,4/8/2016
Chevy,Borer,3/20/2017
Edan,Roloff,2/16/2010
Felike,Hinkens,6/25/2015
Wash,Pavek,3/9/2014
Sayers,Finney,7/17/2018
Elsworth,Murphy,8/10/2009
Audrey,Attrill,9/21/2012
Angelica,Havick,1/22/2012
Katherina,Attfield,8/7/2012
Hersch,Krelle,6/7/2013
Elden,Gownge,2/16/2016
Ardella,Rathjen,3/4/2012
Kylie,Knowler,10/11/2016
Dallon,Denman,8/23/2018
Caspar,Castagnone,12/11/2014
Tonya,Cund,5/3/2014
Jocko,Sandercroft,4/28/2014
Randene,Fairlamb,1/16/2011
Alika,Peach,4/18/2015
Dawna,Nuemann,11/1/2011
Mireille,Greystock,7/18/2012
Rafaelia,Greensted,12/10/2017
Gertie,Fardon,10/31/2013
Roland,Feehery,7/28/2016
Joella,Brosio,9/19/2014
Erwin,Galiford,12/29/2017
Jaymee,Rubinsohn,7/26/2018
Edgar,Stephen,10/12/2009
Roldan,Pannaman,12/26/2018
Leisha,Henrych,11/19/2010
Jim,Dicey,8/18/2013
Dilan,Dupoy,10/21/2011
Biddie,Alexandre,4/19/2018
Bren,Andreou,3/22/2010
Jocelyn,Lockey,4/6/2014
Darby,Foden,9/18/2011
Elfrieda,Hamprecht,12/20/2015
Milicent,Hutchcraft,4/28/2010
Catlin,Cordet,4/17/2012
Kore,Cerith,11/9/2011
Leodora,Dempsey,10/6/2014
Ashely,Philippon,10/8/2012
Martino,Goodwin,3/9/2013
Mayor,Withrington,10/10/2009
Gideon,Loverock,3/25/2010
Dilly,Handrock,2/23/2017
Dorene,Sibbert,11/15/2013
Alix,Fortun,10/18/2013
Harmon,Tumbridge,12/5/2013
Trevar,Sherbrook,7/22/2017
Kristyn,Kingdom,4/13/2017
Mignonne,Barltrop,12/22/2014
Ted,Galpin,2/3/2013
Ingar,Sire,8/7/2017
Stephen,Belitz,7/9/2014
Melvyn,Capener,11/22/2013
Pembroke,Artindale,7/16/2017
Simona,Heselwood,6/29/2011
Chester,Gleave,10/6/2014
Ransom,Crutcher,8/25/2011
Ceciley,Huck,1/16/2018
Janie,Raddin,2/10/2010
Caril,Grosvenor,1/20/2012
Sydney,Stachini,4/1/2017
Clemence,Byart,4/24/2016
Spencer,Ogden,5/30/2012
Clair,Verdey,2/13/2017
Niven,Renshaw,2/25/2017
Taryn,Heersma,5/15/2016
Forest,Walworche,10/31/2011
Connie,Cogle,4/29/2011
Herbert,Heninghem,1/26/2017
Josey,Couser,8/7/2015
Elisa,Chadbourne,2/10/2014
Haydon,Kertess,7/30/2015
Randell,Domel,4/20/2012
Talbot,Shovelin,11/5/2018
Margret,Samms,5/14/2009
Fax,Giraudat,7/20/2014
Brande,Jewks,6/4/2016
Bel,Bromfield,8/10/2016
Christophorus,Kimbrey,6/4/2015
Inga,Reedyhough,7/12/2012
Viva,O'Doran,1/13/2013
Ethe,Pretswell,9/14/2015
Winna,Devereux,7/15/2013
Marshall,Rubenfeld,6/16/2013
Georgie,Rowland,10/24/2013
Teddy,Aasaf,2/22/2018
Almira,Marchent,4/8/2017
Anestassia,Laxson,1/22/2011
Vaughan,Wadham,3/19/2017
Seumas,Vedeneev,11/8/2018
Michael,Yockley,9/28/2015
Carter,McGrorty,6/22/2010
Artemis,Compston,3/5/2010
Esmaria,Glenister,3/9/2015
Hailee,Briscow,8/23/2017
Alano,MacGowing,9/30/2011
Cheston,Hatch,8/13/2018
Blythe,Langton,7/22/2009
Rey,Colnett,11/12/2014
Clarie,Gottelier,7/20/2016
Virgilio,Bownass,7/14/2016
Karleen,Scane,8/17/2010
Janos,Swindall,2/24/2010
Sam,Allchorne,5/10/2017
Thatch,Peidro,8/16/2015
Domeniga,Grunnell,2/28/2014
Ingram,Longo,7/27/2009
Issie,Stolte,12/13/2017
Bank,Tregido,1/23/2010
Roddie,Simionescu,9/28/2017
